conc,K
2,0.0448
1.522878745,0.06127
1.045757491,0.08451
0.568636236,0.09652
-1,0.1248
